{
  "final_success_rate": 87.0,
  "total_episodes": 10000,
  "total_time": 37276.926126003265,
  "avg_throughput": 0.2682624625806874,
  "metrics": {
    "episodes": [
      100,
      200,
      300,
      400,
      500,
      600,
      700,
      800,
      900,
      1000,
      1100,
      1200,
      1300,
      1400,
      1500,
      1600,
      1700,
      1800,
      1900,
      2000,
      2100,
      2200,
      2300,
      2400,
      2500,
      2600,
      2700,
      2800,
      2900,
      3000,
      3100,
      3200,
      3300,
      3400,
      3500,
      3600,
      3700,
      3800,
      3900,
      4000,
      4100,
      4200,
      4300,
      4400,
      4500,
      4600,
      4700,
      4800,
      4900,
      5000,
      5100,
      5200,
      5300,
      5400,
      5500,
      5600,
      5700,
      5800,
      5900,
      6000,
      6100,
      6200,
      6300,
      6400,
      6500,
      6600,
      6700,
      6800,
      6900,
      7000,
      7100,
      7200,
      7300,
      7400,
      7500,
      7600,
      7700,
      7800,
      7900,
      8000,
      8100,
      8200,
      8300,
      8400,
      8500,
      8600,
      8700,
      8800,
      8900,
      9000,
      9100,
      9200,
      9300,
      9400,
      9500,
      9600,
      9700,
      9800,
      9900,
      10000
    ],
    "success_rate": [
      0.0,
      0.0,
      0.0,
      1.5,
      19.0,
      40.5,
      52.5,
      65.5,
      71.0,
      74.0,
      81.5,
      84.0,
      81.5,
      76.0,
      73.5,
      74.5,
      76.5,
      77.5,
      76.5,
      80.0,
      75.5,
      73.0,
      83.5,
      87.0,
      81.0,
      80.0,
      85.0,
      84.5,
      78.0,
      80.5,
      89.0,
      87.5,
      87.5,
      89.0,
      87.0,
      88.5,
      92.0,
      90.5,
      89.0,
      91.0,
      92.0,
      90.5,
      90.5,
      91.5,
      91.5,
      94.5,
      95.5,
      95.5,
      93.5,
      89.0,
      90.0,
      91.0,
      90.0,
      91.0,
      89.0,
      87.5,
      90.0,
      92.0,
      91.5,
      87.5,
      87.0,
      90.5,
      89.0,
      88.0,
      91.5,
      93.0,
      93.5,
      91.0,
      87.0,
      86.0,
      87.0,
      91.0,
      90.0,
      87.5,
      90.0,
      90.0,
      88.5,
      89.5,
      88.5,
      86.5,
      88.5,
      87.5,
      86.5,
      88.0,
      87.5,
      91.0,
      93.0,
      90.5,
      88.0,
      89.5,
      93.0,
      93.0,
      89.5,
      89.0,
      92.0,
      92.5,
      88.5,
      89.0,
      91.5,
      87.0
    ],
    "avg_reward": [
      -200.0,
      -200.0,
      -200.0,
      -197.31,
      -137.09,
      -112.38,
      -93.08,
      -74.37,
      -91.93,
      -71.25,
      -65.48,
      -68.96,
      -72.65,
      -89.01,
      -96.27,
      -91.77,
      -84.41,
      -82.29,
      -80.7,
      -66.35,
      -90.6,
      -83.16,
      -57.98,
      -67.98,
      -74.05,
      -68.32,
      -67.84,
      -64.45,
      -82.59,
      -59.62,
      -52.01,
      -68.63,
      -53.87,
      -56.47,
      -56.99,
      -48.23,
      -48.93,
      -57.96,
      -50.96,
      -50.87,
      -49.04,
      -53.42,
      -47.96,
      -51.02,
      -37.04,
      -35.88,
      -38.06,
      -38.88,
      -48.95,
      -62.74,
      -41.71,
      -55.45,
      -45.19,
      -47.38,
      -52.9,
      -49.95,
      -52.4,
      -43.41,
      -51.1,
      -58.59,
      -51.09,
      -47.68,
      -53.65,
      -46.26,
      -34.42,
      -49.3,
      -43.49,
      -54.77,
      -48.5,
      -54.28,
      -48.41,
      -39.32,
      -48.35,
      -56.33,
      -49.94,
      -52.22,
      -46.33,
      -48.07,
      -54.33,
      -49.45,
      -47.77,
      -55.16,
      -52.62,
      -55.04,
      -48.17,
      -41.0,
      -38.65,
      -57.38,
      -49.55,
      -37.23,
      -42.82,
      -47.03,
      -54.33,
      -45.76,
      -40.81,
      -43.4,
      -54.74,
      -36.7,
      -51.32,
      -62.59
    ],
    "buffer_size": [
      99000,
      198000,
      297000,
      395420,
      471890,
      500000,
      500000,
      500000,
      500000,
      500000,
      500000,
      500000,
      500000,
      500000,
      500000,
      500000,
      500000,
      500000,
      500000,
      500000,
      500000,
      500000,
      500000,
      500000,
      500000,
      500000,
      500000,
      500000,
      500000,
      500000,
      500000,
      500000,
      500000,
      500000,
      500000,
      500000,
      500000,
      500000,
      500000,
      500000,
      500000,
      500000,
      500000,
      500000,
      500000,
      500000,
      500000,
      500000,
      500000,
      500000,
      500000,
      500000,
      500000,
      500000,
      500000,
      500000,
      500000,
      500000,
      500000,
      500000,
      500000,
      500000,
      500000,
      500000,
      500000,
      500000,
      500000,
      500000,
      500000,
      500000,
      500000,
      500000,
      500000,
      500000,
      500000,
      500000,
      500000,
      500000,
      500000,
      500000,
      500000,
      500000,
      500000,
      500000,
      500000,
      500000,
      500000,
      500000,
      500000,
      500000,
      500000,
      500000,
      500000,
      500000,
      500000,
      500000,
      500000,
      500000,
      500000,
      500000
    ],
    "config": {
      "device": "cuda:1",
      "episodes": 10000,
      "max_episode_steps": 200,
      "goal_threshold": 0.15,
      "actor_hidden_dims": [
        512,
        512
      ],
      "critic_hidden_dims": [
        512,
        512
      ],
      "batch_size": 512,
      "training_rounds": 1,
      "buffer_capacity": 500000,
      "learning_starts": 50000,
      "learn_every": 1,
      "eval_every": 100
    }
  }
}